meta_title,sub_title,engl_title,open_dy,dmst_spct_cnt
0.0mhz,,0.0MHz,20190529,59344
1 더하기 3,,Three Husbands,20191212,
100일동안 100가지로 100퍼센트 행복찾기,,100 Things,20190912,707
10년,,Ten Years Japan,20191212,
12번째 솔저,,The 12th Man,20190411,
13년의 공백,,blank 13,20190704,1142
1919 유관순,,,20190314,57370
1944: 인간병기,,Werewolves of the Third Reich,20191206,
47미터 2,,47 METERS DOWN: UNCAGED,20190828,478832
5 솔저스,,T.I.M,20190218,
600결사대,,Defenders,20190228,
82년생 김지영,,"KIM JI-YOUNG, BORN 1982",20191023,1816629
9월의 사랑과 만날때까지,,Until I Meet September's Love,20190904,
CCTV: 은밀한 시선,,Welcome Home,20190221,
CIA 데빌헌터,,All The Devil's Men,20190926,
jk닌자걸스,,JK Ninja Girls,20190131,
가버나움,,Capharnaum,20190124,38276
가장 보통의 연애,,Crazy Romance,20191002,2851980
가족이 되기까지,,In Safe Hands,20191101,
"각오는 됐나, 거기 여자",,Lock-On Love,20190516,
각자의 미식,,Beautiful Food,20190307,
갈까부다,,Wish you were here,20190901,
감염: 지구 최후의 날,,Mountain Fever,20190822,
감쪽같은 그녀,,A Little Princess,20191204,33091
강변호텔,,Hotel by the River,20190327,3393
갤버스턴,,Galveston,20190704,2013
갱스터 파라다이스,,South Wind,20190905,
건달티처,,,20190826,
걸작,,MASTERPIECE,20190701,
걸캅스,,Miss & Mrs. Cops,20190509,3926
검은 여름,,Black Summer,20190620,
겨울왕국 2,,Frozen 2,20191121,
경계선,,Border,20191024,9335
계절과 계절 사이,,Between the Seasons,20191003,151
고검기담: 소명신검의 부활,,Legend of the Ancient Sword,20190130,
고골: 악령과의 전쟁,,Gogol.VIY,20191017,
고릴라와 슈퍼레이스,,Louis & Nolan: The big Cheese Race,20190403,640
고봉수 감독 단편선,,,20190901,
고양이 여행 리포트,,The Travelling Cat Chronicles,20190509,1362
고질라: 킹 오브 몬스터,,Godzilla: King of the Monsters,20190529,157836
"고흐, 영원의 문에서",,At eternity's gate,20191226,16691
공포의 묘지,,Pet Sematary,20190410,
공포의 묘지: 망자의 저주,,Pet Graveyard,20191223,
공포의 신생아실,,The Nursery,20190610,
광대들: 풍문조작단,,Jesters: The Game Changers,20190821,578190
교회오빠,,A Job Who Is near Us,20190516,
구스 베이비,,Duck Duck Goose,20190116,60
국경의 왕,,The King of the Border,20190228,1887
굿 라이어,,The Good Liar,20191205,26382
굿바이 마이 러브NK: 붉은 청춘,,"Goodbye My Love, North Korea",20190502,801
굿바이 썸머,,Goodbye Summer,20190725,
귀권,,Ghost Boxing 3,20191114,
귀신의 향기,,Scent of Ghost,20190703,
그 옛날 집,,Like An Old House,20191024,
그것: 두 번째 이야기,,It Chapter Two,20190904,303
그날은 오리라,,Our Time Will Come,20191212,
그녀들을 도와줘,,Support the girls,20190725,
그대 이름은 장미,,ROSEBUD,20190116,1184
그때 그들,,LORO,20190307,293
그때 그들 확장판 1: 욕망의 부활,,LORO1,20190307,
그린 북,,Green Book,20190109,223775
극장판 공룡메카드: 타이니소어의 섬,,,20190110,142
극장판 반지의 비밀일기,,,20190911,
극장판 샤이닝스타:새로운 루나퀸의 탄생!,,Shining Star: Lunar Queen,20190718,
극장판 엉덩이 탐정: 화려한 사건 수첩,,Butt Detective The Movie,20190711,
극장판 오소마츠 6쌍둥이,,OSOMATSUSAN THE MOVIE,20190613,8898
극장판 타오르지마 버스터-블랙어썰트의 귀환,,The Return of Dark Assault,20191205,1535
극장판 헬로카봇 : 달나라를 구해줘!,,Hello Carbot the Movie: Save the Moon,20190904,2595
극장판 헬로카봇: 옴파로스 섬의 비밀,,,20190131,51127
극한직업,,Extreme Job,20190123,4808821
글래스,,Glass,20190117,466475
글로리아 벨,,Gloria Bell,20190606,910
기동전사 건담 내러티브,,Mobile Suit Gundam Narrative,20190524,
기묘한 가족,,THE ODD FAMILY : ZOMBIE ON SALE,20190213,7120
기방도령,,HOMME FATALE,20190710,247
기생충,,PARASITE,20190530,9576525
기생충 : 흑백판,,PARASITE,20190530,
김군,,KIM-GUN,20190523,14962
김복동,,My Name Is KIM Bok-dong,20190808,78092
깡패들,[무삭제판],,20191213,
꼬마 물고기 이자벨: 바다 대모험,,Izzie's Way Home,20190718,
꼬마 자전거 스피디,,Bikes,20191017,
나는 다른 언어로 꿈을 꾼다,,I Dream in Another Language,20190307,
나는 예수님이 싫다,,Jesus,20190808,806
나는 원래 대전에서 로맨틱 코미디를 찍으려고 했었다,,Daejeon Romantic comedy,20190601,
나랏말싸미,,The King's Letters,20190724,899996
나를 찾아줘,나를 찾아줘(2019),Bring Me Home,20191127,356820
나만 없어 고양이,,"Hello, My Cat",20190822,
나쁜 녀석들: 더 무비,,The Bad Guys: Reign of Chaos,20190911,4480994
나의 노래는 멀리멀리,,"Free My Soul, Free My Song",20191003,711
나의 작은 시인에게,,The Kindergarten Teacher,20190404,967
나의 특별한 형제,,Inseparable Bros,20190501,36343
나의 히어로 아카데미아 더 무비: 두 명의 히어로,,MY HERO ACADEMIA: Two Heroes,20190516,
나이브스 아웃,,Knives Out,20191204,
나이트메어 시네마,,Nightmare Cinema,20190717,
난폭한 기록,,Fist & Furious,20190711,
날씨의 아이,,Weathering With You,20191030,
내가 사는 세상,,Back from the Beat,20190307,356
내안의 그놈,,Inside me,20190109,15171
너를 만난 여름,,My Best Summer,20191016,403
너의 목소리,,Your Voice -KIMIKOE-,20190523,
너의 여자친구,,My Bossy Girl,20191204,786
노무현과 바보들,,,20190418,
녹차의 중력,,Gravity of the Tea,20191128,
논-픽션,,Doubles Vies,20190516,345
누구나 아는 비밀,,Everybody Knows,20190801,2682
눈의 여왕4,,The Snow Queen: Mirrorlands,20191224,
늑대의 아이들,,Werewolf,20191114,
니나 내나,,Family Affair,20191030,1273
"다시, 봄",,"Spring, Again",20190417,
닥치고 피아노!,,Shut Up and Play the Piano,20190606,688
닥터 슬립,,Doctor Sleep,20191107,565
닥터 킬러 패밀리,,No Visitors,20190214,
당나귀 공주,,Donkey Skin,20190822,
당문,,Tang Men,20191021,
대가리2:학교무림,,,20191128,
대지진: 엔드 오브 더 월드,,End of the World,20190501,
대통령의 7시간,,President's 7 Hours,20191114,24654
더 길티,,The Guilty,20190327,22091
더 룸,,The Room,20190925,48775
더 바이 바이 맨,,THE BYE BYE MAN,20190814,
더 보이,,Brightburn,20190523,88081
더 보트,,THE BOAT,20191212,
더 비스트,,The Beast,20190805,
더 빌리지,,Dachra,20191107,292
더 서치,,The Search,20190117,
더 와이프,,The Wife,20190227,7728
더 캡틴,,The Captain,20190425,
더 컨덕터,,The Conductor,20191114,203
더 페이버릿: 여왕의 여자,,THE FAVOURITE,20190221,70982
더 하우스,,,20191212,
던전에서 만남을 추구하면 안 되는 걸까? -오리온의 화살-,,Is It Wrong to Try to Pick Up Girls in a Dungeon? -Arrow of the Orion-,20190418,7526
덤보,,Dumbo,20190327,345522
데드 돈 다이,,The Dead Don't Die,20190731,4150
데드풀 2: 순한맛,,ONCE UPON A DEADPOOL,20190103,
데들리 스토커,,Capture,20190124,
데스티네이션 콘트롤,,Frequencies,20190321,
도신 외전,,Operation Undercover 1: Gambling Gods,20190805,
도심속의 방,,Une chambre en ville,20190822,
도우터 오브 마인,,Daughter of mine,20190425,
도쿄의 밤하늘은 항상 가장 짙은 블루,,The Tokyo Night Sky Is Always the Densest Shade of Blue,20190214,346
돈,,Money,20190320,2669647
돈 겟 아웃!,,Don't Get Out!,20190110,
돈 워리,,"Don't Worry, He Won't Get Far on Foot",20190725,
돈키호테를 죽인 사나이,,The Man Who Killed Don Quixote,20190523,339
동경,,,20190801,
동명이인 프로젝트 시즌2,,TWO PERSON AT THE SAME TOWN SE2,20190704,130
"동물, 원",,"Garden, Zoological",20190905,787
동키 킹,,The Donkey King,20190828,
"두 번째 여름, 두 번 다시 만날 수 없는 너",,"Second Summer, Never See You Again",20190123,
두번할까요,,"LOVE, AGAIN",20191017,1082
드래곤 길들이기 3,,How to Train Your Dragon: The Hidden World,20190130,1464741
드래곤 빌리지,,Family of Mischief,20191212,
드래곤볼 슈퍼: 브로리,,Dragon Ball Super: Broly,20190214,
드레드아웃,,DreadOut,20191112,
디 엔드?,,The End?,20190117,
디스 크레이지 하트,,This Crazy Heart,20190110,
디스트로이어,,Destroyer,20190919,
디아스포라의 노래: 아리랑로드,,,20191212,
디어 마이 프렌드,,Then Came You,20191009,960
디에고,,Diego Maradona,20191212,
디터 람스,,Rams,20190822,5859
딥 스페이스: 외계접촉,,Deep Six,20190816,
똑딱똑딱 마법의 시계나라,,The Angel in the Clock,20190417,
라 파미에,,Lola and Her Brothers,20191212,
라라와 움직이는 비밀의 숲,,Yugo & Lala 4,20190822,712
라멘 덕후,,Ramen Heads,20191212,
라스트 미션,,The Mule,20190314,99299
라스트 씬,,Last Scene,20191212,
라스트 크리스마스,,Last Christmas,20191205,1003
라이딩 업힐,,Riding Uphill,20190628,
라이온 킹,라이온 킹(2019),The Lion King,20190717,4743662
라플라스의 마녀,,Laplace's Witch,20190509,
람보: 라스트 워,,Rambo: Last Blood,20191023,89621
래미의 초특급 시간여행,,pleasant goat and big big wolf amazing pleasant goat,20190227,
러브 앳,,Love at Second Sight,20191127,41702
러브라이브! 선샤인!! 더 스쿨 아이돌 무비 오버 더 레인보우,,Love Live! Sunshine!! The School Idol Movie: Over the Rainbow,20190214,26931
러브리스,,Loveless,20190418,214
레고 무비 2,,The Lego Movie 2: The Second Part,20190206,287
레드 사이렌,,The Red Siren,20191101,
레드슈즈,,Red Shoes,20190725,182
레인보우: 나의 사랑,,Una questione privata,20190103,252
레토,,Summer,20190103,2107
레플리카,,Replicas,20190925,
로망,,Romang,20190403,6372
로빈: 살인자의 유혹,,Robin,20191216,
로슈포르의 숙녀들,,The Young Girls of Rochefort,20190822,
로제타,,Rosetta,20190523,
로지,,Rosie,20190516,
로켓맨,,Rocketman,20190605,401
롤라,,Lola,20190822,
롱 리브 더 킹: 목포 영웅,,Long Live the King,20190619,1024457
롱 샷,,LONG SHOT,20190724,6326
루스 베이더 긴즈버그: 나는 반대한다,,RBG,20190328,3860
룩 어웨이,[캐치온],Look Away,20190821,
룩 어웨이,,Look Away,20190821,126
리노,,Lino - Adventure of Seven Lives,20190307,186
리메모리-기억추출,,Rememory,20191017,
리지,,LIzzie,20190110,85
마담 싸이코,,Greta,20190626,
마리아 칼라스: 세기의 디바,,Maria by Callas: In Her Own Words,20190711,
마법안개의 비밀: 황금 보물선을 찾아라,,Captain Morten and the Spider Queen,20191114,371
마왕의 딸 이리샤,,"Ireesha, The Daughter of Elf-king",20190926,11698
마이펫의 이중생활 2,,The Secret Life of Pets 2,20190731,181466
마지막 8월 어느 기념비의 이야기,,Agosto Final,20190221,
막다른 골목의 추억,,Memories of a Dead End,20190404,774
말레피센트 2,,Maleficent: Mistress of Evil,20191017,1444878
말모이,,MAL·MO·E: The Secret Mission,20190109,2738121
매니페스토,,Manifesto,20190725,684
매리,,Mary,20191211,
매트리악,,MATRIARCH,20190509,
맨 인 블랙: 인터내셔널,,Men in Black: International,20190612,843649
머메이드: 죽음의 호수,,THE MERMAID : LAKE OF THE DEAD,20190704,
메기,,Maggie,20190926,14969
메기의 추억,,,20190508,369
메리 포핀스 리턴즈,,Mary Poppins Returns,20190214,
"메리, 퀸 오브 스코틀랜드",,Mary Queen of Scots,20190214,
메시지 맨,,Message Man,20190819,
메이데이,,Mayday,20190425,
메이트,,Mate,20190117,10
명탐정 코난: 감청의 권,,Detective Conan: The Fist of Blue Sapphire,20190724,
명탐정 코난:전율의 악보,,Detective Conan: Full Score of Fear,20190214,
명탐정 피카츄,,Pokemon Detective Pikachu,20190509,
모험왕 블링키,,Blinky Bill The Movie,20190220,
몬스터,,The Monsters,20191107,
몬스터 랜드,,Zombillenium,20190516,
몬스터 하우스,,GNOME ALONE,20191003,
몬스터파크,,Here Comes the Grump,20190123,
몽 가르송,,My Son,20190319,
무간도 외전,,Operation Undercover 2: Poisonous Dragon,20190725,
무법자 난공불락 대열차,,Jesse James vs. The Black Train,20190314,
무서운 이야기 : 오두막의 악마,,Lake Fear 3,20190321,
물의 기억,,The Memory Of Water,20190515,19227
미결처리반 Q 4: 순수의 배신,,The Purity of Vengeance,20190314,
미드 90,,Mid90s,20190925,12386
미드소마,[감독판],Midsommar Director’s Cut,20191003,180
미드소마,,Midsommar,20190711,85070
미드웨이,,Midway,20191231,
미래의 미라이,,MIRAI,20190116,1571
미성년,,Another Child,20190411,
미션 이스탄불 5: 더 파이널,,Fegefeuer,20190103,
미스 스티븐스,,Miss Stevens,20190502,1185
"미안해요, 리키",,SORRY WE MISSED YOU,20191219,25649
미이라: 악령의 부활,,Mummy Reborn,20190417,
바이스,,VICE,20190411,1558
발광하는 현대사,,,20190718,
발명왕 볼트,,Brave Rabbit3 the Crazy Time Machine,20190919,
밤의 문이 열린다,,Ghost Walk,20190815,2121
방문객,,Visitors,20190327,38
배심원들,,Juror 8,20190515,466
백두번째 구름,,"Cloud, Encore",20191226,
백두산,,ASHFALL,20191219,
버스데이 원더랜드,,THE WONDER,20191024,374
버티고,,Vertigo,20191016,786
벌레스크,,Burlesque,20190416,
벌새,,House of Hummingbird,20190829,133425
베스와 베라,,Incident in a Ghost Land,20190124,
베카신!,,Becassine !,20190425,
벤 이즈 백,,Ben is Back,20190509,866
벤트: 마약의 도시,,Bent,20190712,
변신,,Metamorphosis,20190821,1371335
별의 정원,,Astro Gardener,20190704,1199
보희와 녹양,,A Boy and Sungreen,20190529,1317
봄은 온다,,Life goes on,20190314,529
봉오동 전투,,The Battle: Roar to Victory,20190807,8037
북간도의 십자가,,,20191017,
북클럽,,Book Club,20190620,15333
분노는 말이 없다,,Wrath of Silence,20191128,
분노의 질주: 홉스&쇼,,Fast & Furious Presents: Hobbs & Shaw,20190814,3337429
불빛 아래서,,Life is a Dream We'll Wake Up & Scream,20190829,827
뷰티풀 보이,,Beautiful Boy,20190919,526
뷰티풀 보이스,,Beautiful Voice,20190522,113
뷰티플 마인드,,Listen to Your Heart. The Beautiful Mind,20190418,
브라더 오브 더 이어,,Brother of the Year,20190307,4161
블라인드 멜로디,,Shoot the Piano Player,20190828,
블랙 47,,Black 47,20190613,
블랙 머니,,BLACK MONEY,20191113,2178626
블레이드 소울,,Deliler,20190228,
블루 마이 마인드,,Blue My Mind,20191219,
블루스 인 인디아,,Blues In India,20190821,
비뚤어진 집,,Crooked House,20190919,
비블리아 고서당 사건수첩,,The Antique: Secret of The Old Books,20190620,
비스트,,The Beast,20190626,177340
비질란테,,A Vigilante,20190523,
빅 2: 황금열쇠 대소동,,Norm of the North: Keys to the Kingdom,20191030,1565
빅 위시,,SALMAS BIG WISH,20191030,
빅샤크2 : 해저2만리,,Happy Little Submarine : 20000 Leagues under the Sea,20190606,1306
빅트립: 아기팬더 배달 대모험,,Big trip,20191023,36090
빌리어네어 보이즈클럽,,Billionaire Boys Club,20190110,
빠삐용,,Papillon,20190227,
뺑반,,Hit-and-Run Squad,20190130,390732
뽀로로 극장판 보물섬 대모험,뽀로로 극장판 보물섬 대모험,Treasure Island Adventure,20190425,295379
쁘띠 아만다,,Amanda,20190627,2083
사랑은 비가 갠 뒤처럼,,After the Rain,20190207,3454
사랑의 선물,,The Gift of Love,20190815,6143
사무라이-검신 주베에,,Jubei,20190110,1
사바하,,SVAHA : THE SIXTH FINGER,20190220,1677395
사범,,The Master,20190627,
사선의 끝,,The Threshold of Death,20191030,30
사이코패스,,Psychopaths,20190905,
사일런스,,The Silence,20190717,
사자,,The Divine Fury,20190731,406115
사탄의 인형,,Child's Play,20190620,60340
사탄의 인형: 상속 받은 저주,,Dolls,20191212,
산타 앤 컴퍼니,,Christmas & Co,20191212,
살인마 잭의 집,,The house that Jack built,20190221,
삼촌,,The Uncle,20191128,341
삽질,,Rivercide: The Secret Six,20191114,261
상간녀 살인사건,,An Affair to Die For,20190723,
샐린저,,SALINGER,20191212,
생사결,,The Brink,20190701,
생일,,Birthday,20190403,10411
샤잠!,,SHAZAM!,20190403,802
서스페리아,,Suspiria,20190516,1412
선희와 슬기,,Second Life,20190327,1379
세계는 오늘부터 너의 것,,Her Sketchbook,20190507,
세상을 바꾼 변호인,,ON THE BASIS OF SEX,20190613,439
소은이의 무릎,,Hoop It Up,20190530,384
소피와 드래곤: 마법책의 비밀,,The Princess and The Dragon,20191002,312
속물들,,The Snob,20191212,
솔져스 메모리,,Legionario,20190627,
수상한 교수,,The Professor,20190815,478
수상한 이웃,,Rainbow Playground,20191009,895
수영장으로 간 남자들,,Sink or Swim,20190718,233
수퍼 디스코,,Super Disco,20191128,1120
숲속왕국의 꿀벌 여왕,,Tall Tales,20190314,509
슈퍼 햄찌,,Supermarsu,20190926,
슈퍼미니 2,,Minuscule: Mandibles From Far Away,20190227,
스노우 화이트,,Pure As Snow,20191024,
스마트폰을 떨어뜨렸을 뿐인데,,Stolen Identity,20190404,
스카이 라인: 더 비욘드,,BEYOND THE SKY,20190425,
스탈린이 죽었다!,,The Death of Stalin,20190418,
스튜핏 영 하트,,Stupid Young Heart,20191209,
스트롱거,,STRONGER,20190627,164
스파이더맨: 파 프롬 홈,,Spider-Man: Far From Home,20190702,8021070
스페셜 솔져,,AMERICAN BULLET,20190926,
스피닝 맨,,SPINNING MAN,20190425,
시동,,START-UP,20191218,2526118
시민 노무현,,Citizen Roh,20190523,12071
시빌,,Sibyl,20191121,
시인 할매,,"The Poem, My Old Mother",20190205,3004
시크릿 슈퍼스타,,Secret Superstar,20191024,9454
신 배틀로얄:극악 소년원,,New Juvenile prison Battle Royale 1,20190110,
신 배틀로얄:극악 소년원 2,,New Juvenile prison Battle Royale 2,20190110,
신데렐라:마법 반지의 비밀,,Cinderella and The Secret Prince,20190220,206681
신문기자,,The Journalist,20191017,9673
신밧드와 마법 양탄자,,Up and away,20190213,
신비아파트 극장판: 하늘도깨비 대 요르문간드,,The Haunted House: The Sky Ghost VS Jormungandr,20191219,
신의 한 수: 귀수편,,The Divine Move 2: The Wrathful,20191107,2143617
실화: 숨겨진 비밀,,Based on a True Story,20190228,
심장소리,,Pulse,20190328,
심판,,In the Fade,20191114,307
싸움의 기술,,,20191129,
썬키스 패밀리,,Sunkist Family,20190327,26086
쎈놈,,,20190411,
쓰리 세컨즈,,Three Seconds,20190620,
아내를 죽였다,,Killed My Wife,20191211,
아녜스가 말하는 바르다,,Varda by Agnes,20190530,1102
아메리카 뮤직&와일드,,America's Musical Journey & America Wild,20190424,
아빠는 딸,,Daddy Issues,20190905,
아빠는 예쁘다,,Dad Is Pretty,20191121,
아사코,,Asako I & II,20190314,
아스테릭스: 마법 물약의 비밀,,Asterix: The Secret of the Magic Potion,20191212,
아스트로: 우주전쟁,,Astro,20190111,
아워 바디,,Our Body,20190926,4202
아이 아이 가사: 다시 만난 그날,,Aiaigasa,20190530,168
아이 엠 마더,,Peppermint,20190411,
아이 킬 자이언츠,,I Kill Giants,20190124,
아이스,,ICE,20190207,10788
아이스브레이커,,Icebreaker,20190104,
아직 사랑하고 있습니까?,,HOW TO LIVE IN THIS WORLD,20191204,
아직 지나지 않은 여름,,Still Summer,20191101,
아틱,,ARCTIC,20190327,6563
아픈 만큼 사랑한다,,LOVE AS MUCH AS PAIN,20190403,16061
악인전,,"The Gangster, The Cop, The Devil",20190515,3168041
악질경찰,,Jo Pil-ho: The Dawning Rage,20190320,
안나,,ANNA,20190828,57259
안녕 베일리,,A Dog's journey,20190905,1662
"안녕, 티라노: 영원히, 함께",,"My TYRANO: Together, Forever",20190814,198591
안도 타다오,,Samurai Architect Tadao Ando,20190425,
알라딘,,Aladdin,20190523,12535417
알랭 뒤카스: 위대한 여정,,The Quest of Alain Ducasse,20190801,606
알리타: 배틀 엔젤,,Alita: Battle Angel,20190205,1951889
알카트라즈: 죽음의 수용소,,Alcatraz,20191115,
암드,,Armed,20190426,60
암전,,Warning: Do Not Play,20190815,2482
애나벨 집으로,,Annabelle Comes Home,20190626,291328
애드 아스트라,,AD ASTRA,20190919,513377
애월,,Moonfishing in Aewol,20190926,1060
애프터,,After,20190822,54029
앨리스 죽이기,,To Kill Alice,20190808,1094
앳 퍼스트 라이트,,First Light,20190925,
앵그리 버드 2: 독수리 왕국의 침공,,The Angry Birds Movie 2,20190807,188914
앵커,,Anchor,20191128,
양자물리학,,By Quantum Physics: A Nightlife Venture,20190925,438071
양지의 그녀,,Girl In The Sunny Place,20190321,126
어글리 돌,,UglyDolls,20190501,52505
어린 의뢰인,,My First Client,20190522,188785
어메이징 그레이스,,Amazing Grace,20191128,2212
어벤져스 오브 저스티스,,Avengers of Justice: Farce Wars,20191016,
어벤져스: 엔드게임,,Avengers: Endgame,20190424,13918761
어스,,Us,20190327,936431
어웨이크너: 히어로의 탄생,,The Awakener,20191205,
어제 일은 모두 괜찮아,,The Fault Is Not Yours,20191121,9221
어쩌다 룸 메이트,,How Long Will I Love U,20191113,
"어쩌다, 결혼",,Trade Your Love,20190227,
언니,,No Mercy,20190101,1243
언더 더 실버레이크,,Under the Silver Lake,20190919,110
언더 더 씨2,,Fish Tales 2,20190523,
언더독,,Underdog,20190116,183885
언싱커블,,The Unthinkable,20190117,
얼굴들,,Possible Faces,20190124,1410
얼굴없는 보스,,The Faceless Boss,20191121,
업사이드,,The Upside,20190613,1274
에브리타임 룩 앳 유,,303,20190314,
에움길,,A Long Way Around,20190620,6207
에이리언 어택 2019,,Alien Reign,20190223,
에이프릴의 딸,,April's Daughter,20190509,92
에일리언: 지구침공의 날,,By Dawn,20190501,
엑스맨: 다크 피닉스,,X-MEN: DARK PHOENIX,20190605,862633
엑시트,,EXIT,20190731,8812096
엔젤 오브 마인,,Angel of Mine,20191030,1733
엔젤 해즈 폴른,,Angel Has Fallen,20191113,
엔젤페이스,,Angel Face,20190314,126
엘리펀트킹 덤보,,The elephant king,20190613,
엘프: 사탄의 인형,,The Elf,20190610,
여배우들의 티타임,,Nothing Like a Dame,20191010,58
여수 밤바다,,The Night View of the Ocean in Yeosu,20191010,
열두 번째 용의자,,The 12th Suspect,20191010,189
열여섯의 봄,,The Crossing,20191107,
엽문 외전,,Master Z: The Ip Man Legacy,20190225,
영하의 바람,,Sub-zero Wind,20191114,302
영화로운 나날,,Film Adventure,20191212,
예수보다 낯선,,Stranger than Jesus,20190404,201
예스터데이,,YESTERDAY,20190918,295370
"오늘, 우리",,"Today, Together",20191031,1037
오늘도 위위,,The Journey of the 12 Cats,20191017,
오늘도 평화로운,,Super Margin,20190404,714
오만,,Huris,20190905,348
오션스: 문어구출대작전,,Happy Little Submarines 4: Adventure of Octopus,20191003,
오토의 클래식 음악여행,,Oto and Music,20190911,
오피셜 시크릿,,Official Secrets,20191127,7740
옷코는 초등학생 사장님!,,Okko's Inn,20190227,4617
옹알스,,Ongals,20190530,1477
와인스타인,,Untouchable,20190926,1246
와일드 라이프,,Wildlife,20191225,
와일드 로즈,,Wild Rose,20191017,765
완벽한 그녀의 비밀,,The Perfect Girl,20190110,
완벽한 살인,,Intensive Care,20190620,
왓 데이 해드,,What They Had,20191107,572
왓칭,,Watching,20190417,956
왕이 될 아이,,The Kid Who Would Be King,20190116,29063
요로나의 저주,,The Curse of La Llorona,20190417,199532
요코하마 갱스터,,Yokohama Black,20190110,
우리 지금 만나,,Let Us Meet Now,20190529,705
우리가족: 라멘샵,,RAMEN SHOP,20190131,6869
우리는 언제나 성에 살았다,,We Have Always Lived in the Castle,20190711,180
우리들의 완벽한 세계,,Perfect World,20190404,650
우리를 갈라놓는 것들,,Things That Do Us Part,20191128,789
우리집,,The House of Us,20190822,51500
우먼 인 할리우드,,This Changes Everything,20191031,799
우상,,Idol,20190320,
우이 러브,,"You, I Love",20190509,
우주전쟁 2019,,Airwaves,20191004,
우행록: 어리석은 자의 기록,,Traces of Sin,20190117,
울프 SWAT,,Wolf,20190325,
울프 특공대,,Operation Wolves,20191114,
워 이베이젼,,ESCAPE AND EVASION,20191024,
워파이터,,American Warfighter,20190801,
원네이션,,"One Nation, One King",20190321,
원더랜드,,Wonder Park,20190814,
원스 어폰 어 타임... 인 할리우드,,Once Upon a Time... in Hollywood,20190925,275638
원펀치,,,20190411,
월성,,,20191212,
웰컴 투 스웨덴,,Kingdom of Sweden,20191031,
위대한 전진,,Dear Elza!,20190516,
유랑지구,,The Wandering Earth,20190418,
유열의 음악앨범,,Tune in for Love,20190828,539254
윤희에게,,Moonlit Winter,20191114,82554
이스케이프 룸,,The Escape Room,20190314,561812
이월,,February,20190130,466
이케아 옷장에서 시작된 특별난 여행,,The Extraordinary Journey Of The Fakir,20190718,608
이타미 준의 바다,,The Sea of Itami Jun,20190815,
인면어: 저주의 시작,,The Tag Along Sequel: Devil Fish,20190814,
인비저블 위트니스,,The Invisible Witness,20190828,
인크레더블 손오공,,The incredible Monk,20190718,
인투 더 애쉬,,Into the Ashes,20191212,
일일시호일,,Every Day a Good Day,20190117,41658
일진3,,,20190207,
잃어버린 세계를 찾아서,,Missing Link,20191009,
자전차왕 엄복동,,Race to Freedom : Um Bok Dong,20190227,
자칼,,Jackals,20190516,
장난스런 키스,,Fall in Love at First Kiss,20190327,172941
장사리: 잊혀진 영웅들,,Battle of Jangsari,20190925,759487
재혼의 기술,,Remarriage Skills,20191017,
적인걸 5: 측천무후 지유명도,,Detective Dee's Hell Road,20191008,
전원사형,,Death Row Family,20190507,
접전: 갑을 전쟁,,,20191121,806
정글북: 마법 원정대,,Savva,20190321,
제미니 맨,,Gemini Man,20191009,385780
조,,Zoe,20190711,1246
조커,,Joker,20191002,80
존 윅 3: 파라벨룸,,John Wick: Chapter 3 - parabellum,20190626,942513
졸업,,Graduation,20191107,609
좀비랜드: 더블 탭,,Zombieland: Double Tap,20191113,136134
죄와 벌,,Romans,20190604,
주먹왕 랄프 2: 인터넷 속으로,,Ralph Breaks the Internet,20190103,4516
주전장,,Shusenjo: The Main Battleground Of The Comfort Women Issue,20190725,35733
죽음을 거스른 사나이,,Mystery of Muye: Jin Baozi,20190711,
쥬,,Zoo,20190813,
쥬만지: 넥스트 레벨,,Jumanji: The Next Level,20191211,
쥬만지: 넥스트 레벨,[다국어자막],Jumanji: The Next Level,20191211,
증인,,Innocent Witness,20190213,1915756
지구 공룡 대탐험,,Dinotasia Dinosaur Chronicle,20190815,
지구 최후의 날 2019,,Sightings,20190614,
지구 최후의 밤,,Long Day's Journey Into Night,20190725,
지구 침공의 날 2019,,Cute Little Buggers,20190911,
진범,,The Culprit,20190710,786
질투의 역사,,A History of Jealousy,20190314,
집 이야기,,I Am Home,20191128,2630
짱,[무삭제판],,20190322,
창간호,,The First Issue,20190117,
챔피언스,,CAMPEONES,20190207,3483
천로역정: 천국을 찾아서,,The Pilgrim's Progress,20190613,199791
천문: 하늘에 묻는다,,Forbidden Dream,20191226,
철벽선생,,"My Teacher, My Love",20190314,
첫잔처럼,,,20191011,290
청춘 돼지는 꿈꾸는 소녀의 꿈을 꾸지 않는다,,Rascal Does Not Dream of a Dreaming Girl,20190822,11486
체 게바라: 1부 아르헨티나,,Che: Part One,20190613,
체 게바라: 2부 게릴라,,Che: Part Two,20190613,
체인지 오버,,The Changeover,20190926,746
체크 메이트 캅,,Checkmate,20190416,
체크 히어로,,Checkered Ninja,20191023,12539
출동! 도토리 구조대,,Get Squirrely,20190328,9781
치트 더 행맨,,Cheat the Hangman,20190219,
칠곡 가시나들,,Granny Poetry Club,20190227,39602
칠드런 액트,,The Children Act,20190704,1323
침입자들,,Bodies at Rest,20190910,
카르텔 2045,,Cartel 2045,20191017,
카메라를 멈추면 안 돼! 스핀오프: 할리우드 대작전,,One Cut of the Dead Spin-Off: In Hollywood,20191114,94
카센타,,NAILED,20191127,8327
카운트 다운,,Countdown,20191212,73305
캐리tv 러브콘서트 더 무비,캐치온,CarrieTV LOVE CONCERT : THE MOVIE,20190807,
캔 유 킵 어 시크릿?,,Can You Keep a Secret?,20191107,664
캘리포니아 타이프라이터,,California Typewriter,20190725,
캡티브 스테이트,,Captive State,20191114,
캡틴 마블,,Captain Marvel,20190306,5787039
캡틴 마블 : 예고편 ,예고편 [캡틴 마블],Captain Marvel,20190306,
캣츠,[다국어자막],Cats,20191224,
캣츠,,Cats,20191224,
커런트 워,,The Current War,20190822,187134
컨저링 하우스,,Hide in the light,20190701,
코끼리는 그곳에 있어,,An Elephant Sitting Still,20191121,836
콘택트: 지구 최후의 날,,His Master’s Voice,20191016,
콜드 워,,COLD WAR,20190207,149
콜드 체이싱,,Cold Pursuit,20190220,97681
콜레트,,COLETTE,20190327,22342
쿠르스크,,Kursk,20190116,
쿠엔틴 타란티노 8,,QT8: The First Eight,20191030,1281
쿵푸 보이,,Chhota Bheem Kung Fu Dhamaka,20191009,
쿵푸 워리어,,Birth of a Warrior,20190326,
쿵푸 파이터,,innerself,20190701,
쿵푸몬스터: 무림괴수전,,kung fu monster,20190725,
크게 될 놈,,,20190418,93471
크롤,,CRAWL,20191127,87149
크리미널 게임: 보석 사기단,,The Brits Are Coming,20190123,
크리미널: 해튼가든,,King of Thieves,20191121,
클로즈 에너미,,Close Enemies,20190613,
키코리키: 시간여행,,Kikoriki: Deja Vu,20190410,
타이페이 스토리,,Taipei Story,20191107,105
타임 워프 워,,Frontier,20190214,
타임 트랩 킬러,,Collider,20190307,
타짜: 원 아이드 잭,,Tazza: One Eyed Jack,20190911,1568
탈출,,,20191219,
터미네이터: 다크 페이트,,Terminator: Dark Fate,20191030,2400140
테러 라이브: 싸이코패스,,Terror Tales,20191002,
텔 잇 투 더 비즈,,Tell It to the Bees,20191031,
토이 스토리 4,,Toy Story 4,20190620,3396277
투모로우 2019: 지구 대 빙하기,,Shangri-La: Near Extinction,20190814,
툼 인베이더,,TOMB INVADER,20190205,
트라이아스기 월드: 잃어버린 세계,,Triassic World,20190129,1
트루 시크릿,,Celle que vous croyez,20191003,387
트리트 미 라이크 파이어,,Joueurs,20190627,2449
틴 스피릿,,TEEN SPIRIT,20190904,16
파도치는 땅,,The Land on the Waves,20190404,151
파라노말 액티비티 2019,,It Lives Inside,20190917,
파라노말 액티비티: 드림하우스,,The Terrible Two,20190612,
파리 에듀케이션,,A PARIS EDUCATION,20190725,
파리의 딜릴리,,Dilili in Paris,20190529,2871
파비안느에 관한 진실,,"La verite, The Truth",20191205,
파업전야,,The Night Before Strike,20190501,593
파이널리스트,,Imposed Piece,20190124,
파이브 피트,,Five Feet Apart,20190410,98661
판소리 복서,,My Punch-Drunk Boxer,20191009,1019
패트와 매트: 우당탕탕 크리스마스,[해설판],Pat a Mat: Zimni radovanky,20191107,
패트와 매트: 우당탕탕 크리스마스,,Pat a Mat: Zimni radovanky,20191107,
퍼미션,,Permission,20190227,
퍼스트 리폼드,,First Reformed,20190411,1068
퍼펙트 스트레인저,,Perfect Strangers,20191024,
퍼펙트 타겟,,15 Minutes Of War,20190620,
퍼펙트맨,,Man of Men,20191002,95373
평일 오후 3시의 연인,,Hirugao: Love Affairs in the Afternoon,20190613,
포 핸즈,,Four Hands,20190219,
포레스트 헌터스 워,,Breakdown Forest,20191203,
폭설,,SAVAGE,20190905,
폴라로이드,,Polaroid,20190606,151
프란치스코 교황: 맨 오브 히스 워드,,Pope Francis: A Man of His Word,20191121,
프렌드 존,,Friend Zone,20191030,8266
프렌즈: 둥지탈출,,Manou the Swift,20190501,
프로디지,,The Prodigy,20190404,4734
프로스펙트,,PROSPECT,20190425,
프린스 코기,,The Queen's Corgi,20191224,
플레이 오어 다이,,PLAY or DIE,20190604,
플레이모빌: 더 무비,,PLAYMOBIL: THE MOVIE,20190911,28850
피터팬: 후크 선장과 결투의 날,,Peter Pan: The Quest for the Never Book,20190530,
필그리미지,,Pilgrimage,20190411,
하나레이 베이,,Hanalei Bay,20190606,378
하우스 오브 투모로우,,The House of Tomorrow,20190620,
하이 라이프,,HIGH LIFE,20191030,1011
하트스톤,,Heartstone,20190425,
하트스트링스,,Le Coeur en braille,20190124,
한강에게,,To My River,20190404,607
한낮의 피크닉,,Jam-si Swi-eo-ga-do Joa,20190704,328
할머니의 고양이 그리고 522걸음의 여행,,"522. A cat, a Chinese guy and my father",20191217,
항거: 유관순 이야기,,A Resistance,20190227,184976
해안가로의 여행,,Journey to the Shore,20190509,
해킹 헌터: 마인드 컨트롤,,INCONTROL,20191122,
해피 데스데이 2 유,,Happy Death Day 2 U,20190214,
해피니스 로드,,On Happiness Road,20190214,
해피엔드,,Happy End,20190620,779
해피타임 스파이,,The Happytime Murders,20190523,126
행동하는 양심 김대중,,President,20191128,2490
행맨,,Hangman,20190123,
행복한 라짜로,,Lazzaro Felice,20190620,8404
허비 행콕: 무한한 가능성,,Herbie Hancock: Possibilities,20190221,
허슬러,,Hustlers,20191127,30701
험악한 꿈,,Mean Dreams,20190214,
헤드헌터,,The Head Hunter,20191010,
헤로니모,,Jeronimo,20191121,6792
헬로 몽키,,Monkey Magic,20191114,
헬로우 평양,,A Postcard from PyongYang,20190926,
헬보이,,Hellboy,20190410,323098
호크니,,Hockney,20190808,871
호텔 뭄바이,,Hotel Mumbai,20190508,1084
호흡,,Clean up,20191219,
홍금보의 라이프타임 트레저,,A Lifetime Treasure,20191002,
후로티로봇 극장판,,FRUITY ROBO: the great escape,20190829,
히치하이크,,A Haunting Hitchhike,20190314,
"힘을 내요, 미스터 리",,"CHEER UP, MR. LEE",20190911,5884
